id;title;description;link;image_link;price;availability
16502;Women’s denim shirt, large;Casual fit denim shirt made with the finest quality Japanese denim;https://mlhrknn.github.io/;https://picsum.photos/100;24.99 USD;in stock
16503;Women’s denim shirt, large;Casual fit denim shirt made with the finest quality Japanese denim;https://mlhrknn.github.io/;https://picsum.photos/101;24.99 USD;in stock
16504;Women’s denim shirt, large;Casual fit denim shirt made with the finest quality Japanese denim;https://mlhrknn.github.io/;https://picsum.photos/102;24.99 USD;in stock
16505;Women’s denim shirt, large;Casual fit denim shirt made with the finest quality Japanese denim;https://mlhrknn.github.io/;https://picsum.photos/103;24.99 USD;in stock
16506;Women’s denim shirt, large;Casual fit denim shirt made with the finest quality Japanese denim;https://mlhrknn.github.io/;https://picsum.photos/104;24.99 USD;in stock
16507;Women’s denim shirt, large;Casual fit denim shirt made with the finest quality Japanese denim;https://mlhrknn.github.io/;https://picsum.photos/105;24.99 USD;in stock
16508;Women’s denim shirt, large;Casual fit denim shirt made with the finest quality Japanese denim;https://mlhrknn.github.io/;https://picsum.photos/106;24.99 USD;in stock
16509;Women’s denim shirt, large;Casual fit denim shirt made with the finest quality Japanese denim;https://mlhrknn.github.io/;https://picsum.photos/107;24.99 USD;in stock
16510;Women’s denim shirt, large;Casual fit denim shirt made with the finest quality Japanese denim;https://mlhrknn.github.io/;https://picsum.photos/108;24.99 USD;in stock
16511;Women’s denim shirt, large;Casual fit denim shirt made with the finest quality Japanese denim;https://mlhrknn.github.io/;https://picsum.photos/109;24.99 USD;in stock
16512;Women’s denim shirt, large;Casual fit denim shirt made with the finest quality Japanese denim;https://mlhrknn.github.io/;https://picsum.photos/110;24.99 USD;in stock
16513;Women’s denim shirt, large;Casual fit denim shirt made with the finest quality Japanese denim;https://mlhrknn.github.io/;https://picsum.photos/111;24.99 USD;in stock
16514;Women’s denim shirt, large;Casual fit denim shirt made with the finest quality Japanese denim;https://mlhrknn.github.io/;https://picsum.photos/112;24.99 USD;in stock
16515;Women’s denim shirt, large;Casual fit denim shirt made with the finest quality Japanese denim;https://mlhrknn.github.io/;https://picsum.photos/113;24.99 USD;in stock
16516;Women’s denim shirt, large;Casual fit denim shirt made with the finest quality Japanese denim;https://mlhrknn.github.io/;https://picsum.photos/114;24.99 USD;in stock
16517;Women’s denim shirt, large;Casual fit denim shirt made with the finest quality Japanese denim;https://mlhrknn.github.io/;https://picsum.photos/115;24.99 USD;in stock
16518;Women’s denim shirt, large;Casual fit denim shirt made with the finest quality Japanese denim;https://mlhrknn.github.io/;https://picsum.photos/116;24.99 USD;in stock
16519;Women’s denim shirt, large;Casual fit denim shirt made with the finest quality Japanese denim;https://mlhrknn.github.io/;https://picsum.photos/117;24.99 USD;in stock
16520;Women’s denim shirt, large;Casual fit denim shirt made with the finest quality Japanese denim;https://mlhrknn.github.io/;https://picsum.photos/118;24.99 USD;in stock
16521;Women’s denim shirt, large;Casual fit denim shirt made with the finest quality Japanese denim;https://mlhrknn.github.io/;https://picsum.photos/119;24.99 USD;in stock
16522;Women’s denim shirt, large;Casual fit denim shirt made with the finest quality Japanese denim;https://mlhrknn.github.io/;https://picsum.photos/120;24.99 USD;in stock
16523;Women’s denim shirt, large;Casual fit denim shirt made with the finest quality Japanese denim;https://mlhrknn.github.io/;https://picsum.photos/121;24.99 USD;in stock
16524;Women’s denim shirt, large;Casual fit denim shirt made with the finest quality Japanese denim;https://mlhrknn.github.io/;https://picsum.photos/122;24.99 USD;in stock
16525;Women’s denim shirt, large;Casual fit denim shirt made with the finest quality Japanese denim;https://mlhrknn.github.io/;https://picsum.photos/123;24.99 USD;in stock
16526;Women’s denim shirt, large;Casual fit denim shirt made with the finest quality Japanese denim;https://mlhrknn.github.io/;https://picsum.photos/124;24.99 USD;in stock
16527;Women’s denim shirt, large;Casual fit denim shirt made with the finest quality Japanese denim;https://mlhrknn.github.io/;https://picsum.photos/125;24.99 USD;in stock
16528;Women’s denim shirt, large;Casual fit denim shirt made with the finest quality Japanese denim;https://mlhrknn.github.io/;https://picsum.photos/126;24.99 USD;in stock
16529;Women’s denim shirt, large;Casual fit denim shirt made with the finest quality Japanese denim;https://mlhrknn.github.io/;https://picsum.photos/127;24.99 USD;in stock
16530;Women’s denim shirt, large;Casual fit denim shirt made with the finest quality Japanese denim;https://mlhrknn.github.io/;https://picsum.photos/128;24.99 USD;in stock
16531;Women’s denim shirt, large;Casual fit denim shirt made with the finest quality Japanese denim;https://mlhrknn.github.io/;https://picsum.photos/129;24.99 USD;in stock
16532;Women’s denim shirt, large;Casual fit denim shirt made with the finest quality Japanese denim;https://mlhrknn.github.io/;https://picsum.photos/130;24.99 USD;in stock
16533;Women’s denim shirt, large;Casual fit denim shirt made with the finest quality Japanese denim;https://mlhrknn.github.io/;https://picsum.photos/131;24.99 USD;in stock
